hogar_id,ingreso_mensual
1,5994.0
2,10094.0
3,
4,1093.0
5,765.0
6,2647.0
7,5199.0
8,3854.0
9,
10,4733.0
11,4306.0
12,1343.0
13,975.0
14,8829.0
15,2606.0
16,4983.0
17,776.0
18,1725.0
19,834.0
20,1293.0
21,5386.0
22,710.0
23,1588.0
24,2873.0
25,1416.0
26,2017.0
27,2070.0
28,3567.0
29,1733.0
30,3151.0
31,2624.0
32,3586.0
33,3027.0
34,10230.0
35,1422.0
36,6928.0
37,1775.0
38,1107.0
39,6999.0
40,1721.0
41,1798.0
42,768.0
43,420.0
44,4286.0
45,928.0
46,4844.0
47,
48,2268.0
49,960.0
50,3495.0
51,4777.0
52,2001.0
53,2537.0
54,
55,7330.0
56,4571.0
57,1197.0
58,2389.0
59,4174.0
60,2088.0
61,1489.0
62,1304.0
63,1461.0
64,1413.0
65,1704.0
66,6620.0
67,1266.0
68,5313.0
69,3565.0
70,2815.0
71,1237.0
72,1696.0
73,13381.0
74,2720.0
75,3950.0
76,4392.0
77,6132.0
78,2043.0
79,1488.0
80,2376.0
81,2003.0
82,4896.0
83,2937.0
84,3064.0
85,2828.0
86,7102.0
87,1576.0
88,1665.0
89,5305.0
90,2284.0
91,3397.0
92,1345.0
93,2550.0
94,3609.0
95,809.0
96,1385.0
97,3582.0
98,16908.0
99,3703.0
100,2378.0
101,1219.0
102,3487.0
103,298.0
104,2397.0
105,1888.0
106,1608.0
107,17968.0
108,305.0
109,2453.0
110,2651.0
111,3719.0
112,641.0
113,1681.0
114,701.0
115,2243.0
116,2953.0
117,2875.0
118,2113.0
119,2928.0
120,2907.0
121,3528.0
122,2554.0
123,549.0
124,1251.0
125,3354.0
126,1153.0
127,1268.0
128,2753.0
129,2405.0
130,5344.0
131,3863.0
132,1727.0
133,2755.0
134,220.0
135,1269.0
136,2206.0
137,329.0
138,1901.0
139,3096.0
140,6025.0
141,3521.0
142,12403.0
143,9162.0
144,623.0
145,2063.0
146,2189.0
147,2703.0
148,
149,4200.0
150,4709.0
151,684.0
152,5584.0
153,1442.0
154,6136.0
155,4040.0
156,2237.0
157,13550.0
158,5328.0
159,2570.0
160,3089.0
161,
162,8338.0
163,
164,3002.0
165,4034.0
166,2836.0
167,683.0
168,5307.0
169,3557.0
170,793.0
171,1448.0
172,2025.0
173,3297.0
174,10868.0
175,2538.0
176,480.0
177,4343.0
178,2167.0
179,568.0
180,359.0
181,1012.0
182,3448.0
183,1312.0
184,4162.0
185,1969.0
186,2922.0
187,4544.0
188,4089.0
189,1022.0
190,12873.0
191,466.0
192,2131.0
193,1049.0
194,6875.0
195,821.0
196,1038.0
197,949.0
198,775.0
199,1536.0
200,2914.0
201,1096.0
202,592.0
203,1969.0
204,2405.0
205,4520.0
206,1240.0
207,2105.0
208,5337.0
209,1062.0
210,2275.0
211,1818.0
212,725.0
213,2238.0
214,6418.0
215,16652.0
216,725.0
217,5463.0
218,6383.0
219,6970.0
220,1713.0
221,3243.0
222,1476.0
223,3997.0
224,6876.0
225,2011.0
226,2996.0
227,5154.0
228,4569.0
229,1415.0
230,
231,3749.0
232,2832.0
233,2571.0
234,4500.0
235,5962.0
236,847.0
237,1190.0
238,575.0
239,3633.0
240,3460.0
241,1854.0
242,982.0
243,7597.0
244,9727.0
245,9555.0
246,2606.0
247,2815.0
248,2809.0
249,2227.0
250,880.0
251,1493.0
252,4999.0
253,2494.0
254,1667.0
255,2018.0
256,
257,
258,6379.0
259,2905.0
260,894.0
261,2948.0
262,1900.0
263,4233.0
264,5967.0
265,1400.0
266,7666.0
267,2626.0
268,2699.0
269,1555.0
270,2134.0
271,2707.0
272,2110.0
273,1910.0
274,1788.0
275,14129.0
276,2099.0
277,4753.0
278,2670.0
279,209.0
280,35504.0
281,2503.0
282,1564.0
283,7646.0
284,8831.0
285,1540.0
286,1233.0
287,1177.0
288,3366.0
289,2872.0
290,4868.0
291,2269.0
292,1617.0
293,2767.0
294,1538.0
295,4381.0
296,3563.0
297,4011.0
298,3672.0
299,1750.0
300,578.0
301,7341.0
302,
303,1329.0
304,5369.0
305,2852.0
306,2349.0
307,2486.0
308,1234.0
309,2237.0
310,2613.0
311,2971.0
312,1468.0
313,3462.0
314,1524.0
315,1628.0
316,2674.0
317,1686.0
318,1038.0
319,1593.0
320,1375.0
321,2783.0
322,4425.0
323,4094.0
324,
325,1835.0
326,3122.0
327,627.0
328,
329,
330,4465.0
331,388.0
332,3111.0
333,513.0
334,5440.0
335,389.0
336,741.0
337,3355.0
338,733.0
339,236.0
340,979.0
341,3590.0
342,900.0
343,968.0
344,2856.0
345,2458.0
346,
347,
348,1848.0
349,1344.0
350,6156.0
351,1380.0
352,967.0
353,3659.0
354,1470.0
355,657.0
356,4162.0
357,5317.0
358,886.0
359,1804.0
360,1646.0
361,2150.0
362,1691.0
363,685.0
364,2551.0
365,1867.0
366,2783.0
367,4372.0
368,4980.0
369,3578.0
370,265.0
371,1030.0
372,2685.0
373,5020.0
374,1035.0
375,1277.0
376,10865.0
377,283.0
378,1872.0
379,1398.0
380,1752.0
381,1829.0
382,4307.0
383,5621.0
384,34556.0
385,11532.0
386,2381.0
387,3112.0
388,6163.0
389,24550.0
390,2151.0
391,3550.0
392,2159.0
393,6967.0
394,790.0
395,2858.0
396,814.0
397,3192.0
398,5006.0
399,1795.0
400,2072.0
401,6668.0
402,2307.0
403,4089.0
404,2059.0
405,
406,1771.0
407,15167.0
408,1987.0
409,2658.0
410,7061.0
411,3486.0
412,4024.0
413,18017.0
414,5591.0
415,1279.0
416,
417,1534.0
418,1892.0
419,6345.0
420,2694.0
421,1980.0
422,1569.0
423,2872.0
424,2014.0
425,5810.0
426,3016.0
427,2223.0
428,35086.0
429,3332.0
430,1369.0
431,880.0
432,966.0
433,787.0
434,2336.0
435,2461.0
436,4185.0
437,1063.0
438,1683.0
439,1534.0
440,
441,2830.0
442,3649.0
443,6481.0
444,3050.0
445,2385.0
446,1737.0
447,1954.0
448,2429.0
449,2051.0
450,2060.0
451,12697.0
452,808.0
453,435.0
454,
455,8096.0
456,1997.0
457,
458,10271.0
459,2067.0
460,3015.0
461,1252.0
462,1465.0
463,1789.0
464,4702.0
465,8938.0
466,4532.0
467,1211.0
468,1300.0
469,1850.0
470,2555.0
471,4173.0
472,712.0
473,1041.0
474,
475,3801.0
476,3647.0
477,781.0
478,6146.0
479,4084.0
480,743.0
481,903.0
482,4423.0
483,844.0
484,4308.0
485,1638.0
486,4558.0
487,5630.0
488,
489,576.0
490,743.0
491,2361.0
492,10883.0
493,3989.0
494,811.0
495,5594.0
496,2413.0
497,7712.0
498,958.0
499,5667.0
500,8381.0
